{"count":1,"self":1947.4274303999998,"total":5913.296474,"children":{"AgentSendState":{"count":1733134,"self":23.1428416,"total":58.798782599999996,"children":{"CollectObservations":{"count":4332835,"self":11.0218776,"total":11.0218774,"children":null},"CollectDiscreteActionMasks":{"count":4332835,"self":1.0580452,"total":1.0580452,"children":null},"AgentInfo.ToProto":{"count":4332835,"self":7.8879424,"total":23.576019,"children":{"GenerateSensorData":{"count":4332835,"self":15.6880768,"total":15.6880762,"children":null}}}}},"DecideAction":{"count":1733134,"self":3830.7528703999997,"total":3830.7527283,"children":null},"AgentAct":{"count":1733134,"self":76.2367872,"total":76.302416,"children":{"AgentInfo.ToProto":{"count":7482,"self":0.0181156,"total":0.065626999999999991,"children":{"GenerateSensorData":{"count":7482,"self":0.047511399999999995,"total":0.047511399999999995,"children":null}}}}},"AgentInfo.ToProto":{"count":1498,"self":0.0032984999999999998,"total":0.0126544,"children":{"GenerateSensorData":{"count":1498,"self":0.0093559,"total":0.0093559,"children":null}}}},"gauges":{"HummingBird.CumulativeReward":{"count":8980,"max":3.20184422,"min":-3.08603168,"runningAverage":-0.306345969,"value":1.53933418,"weightedAverage":-0.2702303}},"metadata":{"timer_format_version":"0.1.0","start_time_seconds":"1636980821","unity_version":"2021.1.17f1","command_line_arguments":"C:\\Program Files\\Unity\\Hub\\Editor\\2021.1.17f1\\Editor\\Unity.exe -projectpath D:\/PROJECTS\/HummingbirdMLAgents -useHub -hubIPC -cloudEnvironment production -hubSessionId ac7f3560-4579-11ec-a04e-a1a57de9f9dc -accessToken MOCtvkBM1jNn14zvgoe1s3smr76h-AmaVgcZP1Ye140004f","communication_protocol_version":"1.0.0","com.unity.ml-agents_version":"1.0.8","scene_name":"SampleScene","end_time_seconds":"1636986735"}}